year,adm3,adm2,adm1,qfirms,sales,qfixedworkers,wfixedworkers,qfwmonth,qfwfem,wfwfem,qfwmfem,qfwmale,wfwmale,qfwmmale,qflexworkers,wflexworkers,qflwmonth,qflwfem,wflwfem,qflwmfem,qflwmale,wflwmale,qflwmmale,asdf_id,totalworkers,totalwage
2021,Aisen,Aisen, Aisen del Gral.Carlos Ibanez del Campo,1911,14966164.87,5995,2026570.841,3560.582,2123,741809.8195,1408.667,3882,1288845.995,2151.583,2699,520756.0915,1196.499,1224,231334.7076,685.584,1475,289403.6119,510.915,246,8694,2547326.933
2021,Algarrobo,San Antonio,Valparaiso,1343,4722724.54,3058,495699.954,1891.249,1365,237596.16,902.5,1695,258520.078,988.75,1365,124880.672,470.333,605,57214.87,237.584,760,67665.799,232.75,197,4423,620580.626
2021,Alhue,Melipilla, Metropolitana de Santiago,350,12348410.7,2328,1868544.8,1249.083,840,701595.7875,513.25,1486,1169923.789,735.832,420,405766.8385,264.083,206,174229.6606,136.75,214,231519.4039,127.333,326,2748,2274311.639
2021,Alto Biobio,Biobio,Biobio,117,191134.83,143,10708.815,73.583,61,3505.947,32.25,82,7202.868,41.333,83,4295.538,25.834,38,844.431,14.916,45,3451.107,10.916,124,226,15004.353
2021,Alto del Carmen,Huasco,Atacama,350,18329845.77,705,2867280.119,360.417,274,1107842.125,152.333,430,1763988.064,208.083,497,652021.6876,271.584,299,287993.1665,180.583,198,364004.4921,91,194,1202,3519301.807
2021,Alto Hospicio,Iquique,Tarapaca,4586,12604860.3,12990,1558991.825,7520.579,4229,679159.192,2895.166,8824,888871.208,4625.247,5820,505029.627,2655.081,2932,250403.303,1455.999,2888,254626.324,1199.082,238,18810,2064021.452
2021,Ancud,Chiloe,Los Lagos,3072,6592274.5,8066,879006.046,4981.582,3806,454176.514,2474.666,4237,424829.537,2506.916,3435,210554.313,1876.333,1844,94027.535,1052.166,1591,116526.779,824.166,160,11501,1089560.359
2021,Andacollo,Elqui,Coquimbo,511,12567180.98,2295,1800772.5,1130.249,559,627866.5735,330,1734,1175880.708,800.249,446,336780.0085,232.501,198,142686.1706,100.834,248,194076.0669,131.667,46,2741,2137552.509
2021,Angol,Malleco,La Araucania,2900,8180430.78,14244,1515586.633,6970.663,5379,736576.209,2936.998,8994,788968.726,4033.498,3730,319628.177,1714.998,1550,162950.447,723.583,2180,156677.722,991.416,16,17974,1835214.81
2021,Antofagasta,Antofagasta,Antofagasta,20224,80337474.65,87103,16857529.12,52938.23,33931,7636219.427,23590.827,53159,9244301.865,29343.236,36783,3666502.619,13584.571,17669,1746628.846,7139.41,19114,1919801.159,6444.494,227,123886,20524031.74
2021,Antuco,Biobio,Biobio,211,18294444.87,190,2810554.502,122.583,91,1080330.081,59.75,98,1734774.489,62.833,153,606960.8346,64.5,77,263683.9905,39.084,76,343252.8151,25.417,122,343,3417515.337
2021,Arauco,Arauco,Biobio,1879,15129887.88,5410,1964882.845,3176.665,1569,657280.8815,934.834,3956,1310576.744,2241.833,1372,360883.9525,630.584,572,154148.7716,291.917,800,206717.4069,338.667,223,6782,2325766.798
2021,Arica,Arica,Arica y Parinacota,13405,31584840.51,39912,4623521.751,24100.657,16494,2086021.565,10294.079,23683,2560428.568,13806.244,18634,1406728.66,8570.244,9149,675162.44,4525.496,9485,731566.211,4044.748,221,58546,6030250.411
2021,Buin,Maipo, Metropolitana de Santiago,5891,18017018.88,25069,2863519.859,12698.243,10024,1254326.486,5194.831,15177,1626429.913,7503.329,8080,662700.546,3205.331,3912,310361.573,1655.082,4168,352338.965,1550.249,272,33149,3526220.405
2021,Bulnes,Diguillin,nuble,1229,3887017.22,4032,445692.959,2024.75,1548,147693.26,738.25,2479,297999.7,1286.499,1015,70093.771,379.417,505,35284.758,220.917,510,34809.014,158.5,113,5047,515786.73
2021,Cabildo,Petorca,Valparaiso,1374,14034532.04,4995,2155032.118,2972.749,1711,826554.9895,1131.833,3262,1331422.441,1840.916,1159,388546.9775,605.917,588,174929.2066,350.167,571,213599.9979,255.749,58,6154,2543579.096
2021,Cabo de Hornos,Antartica Chilena,Magallanes y de la Antartica Chilena,173,18282572.04,370,2806999.91,182.417,126,1079479.778,77.25,236,1732070.2,105.167,199,613187.1676,56.167,102,266016.8345,33.167,97,347146.3041,23,234,569,3420187.078
2021,Cabrero,Biobio,Biobio,1575,14529902.02,4644,2045758.985,2846.082,1305,724030.8095,843.667,3315,1324617.662,2002.416,1134,374582.5685,439.583,589,164200.8756,251,545,210363.9219,188.584,121,5778,2420341.554
2021,Calama,El Loa,Antofagasta,7570,25574544.87,27378,4393846.896,15947.661,11408,2002199.875,7487.832,15998,2402663.935,8458.663,10300,881231.914,4267.581,5480,460879.215,2525.499,4820,420352.7,1742.082,110,37678,5275078.81
2021,Calbuco,Llanquihue,Los Lagos,1572,14123764.57,3462,1932870.507,2071.249,1102,697390.4125,698.084,2342,1238454.879,1373.165,1553,372687.4335,713.666,648,152607.3516,299.083,905,220062.3079,414.584,252,5015,2305557.941
2021,Caldera,Copiapo,Atacama,1206,13629730.51,2903,1957877.459,1574.083,1233,726454.1545,692.75,1656,1234279.26,881.333,2596,599109.2835,1215.749,993,233213.9926,541,1603,365877.5189,674.75,217,5499,2556986.743
2021,Calera de Tango,Maipo, Metropolitana de Santiago,1503,5742045.41,4916,764417.72,3115.666,1609,294739.034,1114.75,3272,469796.563,2000.165,2119,141617.038,760.665,969,52870.887,350.083,1150,88746.152,410.583,89,7035,906034.758
2021,Calle Larga,Los Andes,Valparaiso,685,12893012.22,2871,1795873.587,1481.916,879,625262.8745,453.334,2011,1176495.867,1028.583,783,327784.3515,278.834,271,134786.8436,92.5,512,192979.7359,186.334,249,3654,2123657.939
2021,Camarones,Arica,Arica y Parinacota,83,6596052.018,19,1149356.726,13.916,9,501268.3152,6.25,10,649663.6948,7.667,75,294818.4001,28.166,36,133878.4829,16.167,39,160933.6612,12,219,94,1444175.126
2021,Camina,Tamarugal,Tarapaca,65,6596944.058,59,1149112.231,21.666,7,501147.4652,4.25,52,649540.0498,17.416,23,293695.5211,8.5,10,133307.1209,4,13,160382.1442,4.5,103,82,1442807.752
2021,Canela,Choapa,Coquimbo,448,18417887.86,586,2818624.071,303.75,143,1084639.398,93.333,443,1738534.741,210.417,382,608862.6836,174.5,148,264387.1675,72.083,234,344451.4871,102.416,210,968,3427486.755
2021,Canete,Arauco,Biobio,1747,14638968.82,3597,1845955.043,2129.332,1014,629126.7455,610.083,2577,1219985.614,1519.249,1193,358970.8335,619,385,147983.9276,208.751,808,210969.1319,410.25,62,4790,2204925.877
2021,Carahue,Cautin,La Araucania,1147,13024478.29,1407,1845318.84,972.416,510,669427.7685,374.166,896,1178865.854,598.25,773,444542.1695,475.417,421,195293.2406,272.75,352,249231.1519,202.667,129,2180,2289861.01
2021,Cartagena,San Antonio,Valparaiso,1144,13410661.83,2929,2068092.149,1978.75,1205,798115.6195,844.584,1715,1273186.853,1134.166,1423,440070.6495,771.75,668,196869.6666,400,755,243183.2089,371.75,69,4352,2508162.799
2021,Casablanca,Valparaiso,Valparaiso,2530,14367474.02,7055,1114271.381,4282.165,2473,378130.747,1579.416,4568,735709.123,2702.749,4882,361289.821,1607.166,2739,163525.107,966.499,2143,197764.715,640.666,198,11937,1475561.202
2021,Castro,Chiloe,Los Lagos,3477,10837908.33,17449,2863042.475,10799.33,7957,1487254.45,5316.582,9290,1377738.138,5482.498,4810,473240.763,1932.416,2343,236079.174,982.083,2467,237161.598,950.332,166,22259,3336283.238
2021,Catemu,San Felipe de Aconcagua,Valparaiso,762,12972745.91,2275,1757126.014,1063.083,589,603667.7885,276.167,1685,1156433.007,786.917,407,324108.1235,185.167,207,136695.6926,96.167,200,187394.6579,89,70,2682,2081234.138
2021,Cauquenes,Cauquenes,Maule,2830,15464109.49,5365,1936178.486,2919.165,1854,672907.2685,883.166,3506,1266263.788,2035.999,1487,368883.6105,787.417,670,160354.5426,366.167,817,208511.2959,421.25,231,6852,2305062.097
2021,Cerrillos,Santiago, Metropolitana de Santiago,3583,15834129.1,15768,2431203.231,9927.83,4848,800133.193,3290.748,10986,1649234.96,6637.081,5397,390511.39,1926.248,2428,169809.932,915.582,2969,220701.459,1010.665,128,21165,2821714.621
2021,Cerro Navia,Santiago, Metropolitana de Santiago,4186,9314252.11,12382,2890438.655,8270.664,5702,1665245.889,4207.249,6682,1227284.484,4063.332,6921,971892.916,3096.748,3925,538193.415,1754.582,2996,433699.488,1342.166,133,19303,3862331.571
2021,Chaiten,Palena,Los Lagos,437,18367608.11,748,2923577.911,514.666,343,1138591.861,244,404,1789519.772,270.666,393,644381.4826,200.75,180,284407.7795,87.416,213,359949.6761,113.333,253,1141,3567959.394
2021,Chanaral,Chanaral,Atacama,810,12993030.64,1567,1735757.792,886.333,507,604487.6385,285.25,1053,1134244.936,601.083,705,336933.1655,417.75,189,139233.5496,87.25,516,197681.8429,330.499,230,2272,2072690.958
2021,Chanco,Cauquenes,Maule,515,18446393.45,1386,2962909.792,909.667,681,1174117.652,461.834,702,1793342.203,447.833,427,647637.4216,188.917,209,284801.9335,103.666,218,362811.4591,85.25,177,1813,3610547.214
2021,Chepica,Colchagua,Libertador Gral. Bernardo OÕHiggins,1213,13397008.97,6362,1994986.83,2385.081,2327,750025.5125,920.832,4031,1247936.093,1464.248,833,380395.5325,377.416,416,167727.1116,221.5,417,212650.6519,155.917,331,7195,2375382.363
2021,Chiguayante,Concepcion,Biobio,3271,7286535.4,8870,1199591.822,5153.415,3180,524759.816,2023.666,5844,687747.179,3129.749,4365,340892.836,1694.416,2188,165024.154,952.083,2177,175868.675,742.332,93,13235,1540484.658
2021,Chile Chico,General Carrera, Aisen del Gral.Carlos Ibanez del Campo,494,18413058.17,839,2811949.16,301,365,1081123.765,124.167,473,1735375.463,176.834,309,610175.0846,122.417,133,265819.1415,47.25,176,344331.9141,75.166,90,1148,3422124.245
2021,Chillan,Diguillin,nuble,11799,36551184.24,45571,5888636.469,25411.488,18403,2711407.12,10534.245,27147,3186516.033,14875.994,14846,1221646.919,6138.078,7373,603868.475,3133.831,7473,617778.443,3004.248,115,60417,7110283.388
2021,Chillan Viejo,Diguillin,nuble,1216,3620599.45,3589,333682.686,2000.082,644,57902.305,366.75,2938,275776.788,1633.249,990,50788.317,471.417,394,17157.88,213.001,596,33630.437,258.417,114,4579,384471.003
2021,Chimbarongo,Colchagua,Libertador Gral. Bernardo OÕHiggins,2485,6243450.41,12096,747193.724,4334.496,3998,262374.589,1409.666,8086,485060.575,2923.498,1791,141580.718,855.583,944,74800.101,508.583,847,66780.614,347,327,13887,888774.442
2021,Cholchol,Cautin,La Araucania,292,18352923.59,956,2946445.497,658.334,418,1156727.273,331.083,538,1794268.291,327.25,436,683206.6666,229.25,249,307121.6085,142.333,187,376061.0251,86.916,4,1392,3629652.164
2021,Chonchi,Chiloe,Los Lagos,887,2569194.9,2268,195151.489,1315.833,394,35475.308,243.417,1871,159676.183,1072.415,619,31749.022,229.917,192,14480.894,81.333,427,17268.128,148.583,163,2887,226900.511
2021,Cisnes,Aisen, Aisen del Gral.Carlos Ibanez del Campo,647,18478989.45,1006,2814252.857,573,296,1082821.036,159.083,709,1735981.888,413.917,450,610776.7606,226.834,190,265252.0755,95.833,260,345500.6561,131.001,150,1456,3425029.618
2021,Cobquecura,Itata,nuble,242,270980.48,274,21552.455,161.5,94,8508.792,60.75,180,13043.663,100.75,84,2742.072,41.417,51,1816.731,24.833,33,925.341,16.584,265,358,24294.527
2021,Cochamo,Llanquihue,Los Lagos,311,18342952.2,431,2878540.598,294.667,214,1117295.41,151.916,216,1765795.257,142.75,441,641533.8136,205.166,193,275588.4385,99.75,248,365921.3461,105.416,147,872,3520074.412
2021,Cochrane,Capitan Prat, Aisen del Gral.Carlos Ibanez del Campo,359,18368906.48,601,2853546.526,372.333,296,1103285.137,199.666,305,1754811.457,172.666,485,654104.9706,195.833,224,284683.5955,107.333,261,369397.3461,88.5,154,1086,3507651.497
2021,Codegua,Cachapoal,Libertador Gral. Bernardo OÕHiggins,667,13274854.63,3396,1808753.205,1453.249,946,617613.2255,391.416,2387,1195122.113,1061.75,715,335926.3195,295.917,368,139916.5726,183.75,347,195991.9729,112.167,1,4111,2144679.525
2021,Coelemu,Itata,nuble,954,13162116.18,2879,2106115.011,2064.999,1316,828927.2565,997.667,1557,1280162.536,1067.334,881,397900.5885,475.333,454,179319.6866,270.167,427,218563.1299,205.167,267,3760,2504015.6
2021,Coihaique,Coihaique, Aisen del Gral.Carlos Ibanez del Campo,5012,13183555.62,18646,3071440.786,11677.913,8619,1613110.122,5871.248,10042,1460763.656,5806.331,8620,798508.302,3179.83,3758,389796.485,1499.165,4862,408711.801,1680.665,149,27266,3869949.088
2021,Coihueco,Punilla,nuble,1577,14795462.21,6811,1864390.997,2619.581,2732,627156.3625,805.666,4078,1240112.294,1813.916,1260,346517.2025,495.167,644,142981.7346,282.333,616,203517.6949,212.833,343,8071,2210908.2
2021,Coinco,Cachapoal,Libertador Gral. Bernardo OÕHiggins,456,12509097.49,1464,1763085.699,716.499,360,621349.4025,184,1101,1144711.079,532.5,296,330386.8635,141.25,164,141456.6006,86.5,132,188912.4899,54.75,2,1760,2093472.563
2021,Colbun,Linares,Maule,1263,2381068.04,4278,366856.197,2107.832,1482,145621.528,746.166,2791,221234.664,1361.666,1189,94302.622,551.167,633,39915.229,322.916,556,54387.393,228.25,306,5467,461158.819
2021,Colchane,Tamarugal,Tarapaca,28,6576823.908,123,1187376.428,91.75,58,518359.8392,44.416,63,670591.8728,47.333,125,317536.2131,48.167,68,146755.0229,27.667,57,170774.9332,20.5,104,248,1504912.641
2021,Colina,Chacabuco, Metropolitana de Santiago,7355,32704265.94,28036,4612101.513,16498.327,10584,1865498.303,6658.164,17396,2750208.158,9838.745,14771,1388847.661,5144.911,7115,650254.491,2614.164,7656,738593.166,2530.747,108,42807,6000949.174
2021,Collipulli,Malleco,La Araucania,1139,13514159.36,4381,2070376.293,2404.333,1907,811505.7555,1165.166,2466,1261204.633,1239.165,1264,425280.6955,702.417,558,188149.4666,331.75,706,237113.4569,370.667,17,5645,2495656.989
2021,Coltauco,Cachapoal,Libertador Gral. Bernardo OÕHiggins,1131,3815086.33,10395,758468.624,3724.08,4644,340321.379,1680.832,5693,418077.282,2041.749,1033,64424.493,382.667,477,26903.635,185.084,556,37520.858,197.583,3,11428,822893.117
2021,Combarbala,Limari,Coquimbo,662,12598974.8,2418,1965083.276,1349.749,1064,745635.0045,656.25,1411,1226982.231,693.5,997,400051.4565,682.166,650,181436.3586,494.749,347,218597.3239,187.416,240,3415,2365134.733
2021,Concepcion,Concepcion,Biobio,20684,83829146.95,105320,15137738.63,61299.641,39862,6462934.165,25591.824,65551,8707484.197,35706.15,49943,3811505.475,16319.15,24272,1841335.984,8788.742,25671,1970169.463,7530.408,94,155263,18949244.11
2021,Conchali,Santiago, Metropolitana de Santiago,4966,18052626.09,16071,2397614.208,9423.163,5723,785152.805,3469.083,10352,1621039.134,5953.58,5829,376020.107,2294.332,2458,140892.104,1060.748,3371,235128.001,1233.582,135,21900,2773634.315
2021,Concon,Valparaiso,Valparaiso,2797,10328279.71,12708,1846723.349,7142.747,4171,586614.138,2486.415,8523,1261609.634,4656.331,5404,369591.248,1892.582,2477,162987.224,970.749,2927,206604.017,921.832,202,18112,2216314.597
2021,Constitucion,Talca,Maule,2877,10374542.75,10548,1515491.806,6924.247,3191,562360.66,2328.249,7334,953803.441,4594.999,3484,303046.696,1678.166,1817,161314.671,996.999,1667,141732.019,681.166,179,14032,1818538.502
2021,Contulmo,Arauco,Biobio,294,18346114.09,657,2813683.647,317.5,205,1081842.437,95,448,1736391.278,222.5,186,606897.1566,79.917,142,264020.6115,61.25,44,342852.5161,18.667,63,843,3420580.804
2021,Copiapo,Copiapo,Atacama,8396,27032839.26,34060,5232079.296,18179.241,12254,2235419.256,7531.081,21729,2997230.708,10648.16,12729,1235839.301,5077.247,5946,610843.025,2471.581,6783,624898.484,2605.497,216,46789,6467918.597
2021,Coquimbo,Elqui,Coquimbo,11923,32126014.22,37257,4621533.107,21068.991,11727,1678069.863,7345.081,25512,2950599.051,13722.41,15704,1494049.329,7170.413,7254,645657.95,3527.081,8450,848391.412,3643.331,212,52961,6115582.436
2021,Coronel,Concepcion,Biobio,4516,12932960.77,14953,1642169.993,7893.246,4076,528902.424,2398.415,10952,1123868.845,5494.747,6442,588094.35,2624.498,2533,173754.951,1273.165,3909,414339.4,1351.333,95,21395,2230264.343
2021,Corral,Valdivia,Los Rios,253,18315359.65,614,2897614.097,438.584,289,1131784.801,228.5,325,1770379.367,210.084,356,635286.3176,136.083,159,276458.3255,67.584,197,358803.9621,68.5,254,970,3532900.415
2021,Cunco,Cautin,La Araucania,909,13047394.86,1876,1953787.525,1293.334,748,725908.8525,539.25,1130,1230993.429,754.084,1049,432111.5365,623.666,534,189943.5326,325.25,515,242150.2309,298.417,5,2925,2385899.062
2021,Curacautin,Malleco,La Araucania,1310,13324085.76,2346,1981966.789,1604.584,1078,760312.1645,752.25,1230,1224629.411,852.333,1209,407980.5575,651.083,505,177482.5716,286.167,704,230480.2149,364.916,18,3555,2389947.347
2021,Curacavi,Melipilla, Metropolitana de Santiago,2143,6382641.6,4840,478320.828,2648.332,1929,174943.736,1053.417,2895,303377.094,1594.916,2384,125503.025,967.999,1163,50317.834,474.25,1221,75185.192,493.75,126,7224,603823.853
2021,Curaco de Velez,Chiloe,Los Lagos,186,11963326.52,676,1767508.749,463.834,257,642457.8045,217.584,419,1128025.727,246.25,326,338194.6765,129.083,131,138263.4286,45.75,195,199913.4739,83.333,261,1002,2105703.426
2021,Curanilahue,Arauco,Biobio,1286,13749260.65,2566,1832270.781,1675,1022,634352.1935,728.25,1532,1201839.923,946.749,1270,387598.8555,750.083,722,171613.4256,453.916,548,215967.6569,296.167,64,3836,2219869.637
2021,Curarrehue,Cautin,La Araucania,300,18314484.79,341,2810935.523,185.084,143,1080757.416,84.001,198,1734728.175,101.083,154,607496.1596,75.583,79,263684.1515,45.833,75,343787.9791,29.749,140,495,3418431.683
2021,Curepto,Talca,Maule,461,18424984.13,1175,2976999.449,773.75,616,1178362.354,401.417,558,1803187.16,372.333,508,642780.7836,230.166,245,282204.6075,119.667,263,360552.1471,110.499,34,1683,3619780.233
2021,Curico,Curico,Maule,12129,44206906.71,64164,5815581.876,29262.732,23212,2321454.492,11025.16,40920,3501644.158,18237.238,15808,1022834.845,6104.828,7691,485412.737,3437.414,8117,537422.107,2667.414,303,79972,6838416.721
2021,Dalcahue,Chiloe,Los Lagos,959,13379817.9,2534,1774986.898,1409.499,774,615695.3905,437.5,1751,1162266.289,972,1049,356819.7845,527.583,705,153518.0566,397.333,344,203283.9549,130.25,167,3583,2131806.683
2021,Diego de Almagro,Chanaral,Atacama,656,12767517.38,1992,1897756.933,1192.416,862,706888.9235,555.083,1124,1193815.542,637.083,871,383306.9005,494.167,291,161272.8466,143.583,580,222016.2809,350.584,317,2863,2281063.834
2021,Donihue,Cachapoal,Libertador Gral. Bernardo OÕHiggins,1056,3298509.66,4556,406105.045,2350.499,1222,95221.753,597.166,3310,310868.226,1753.25,882,43320.655,368.834,322,16236.943,154.084,560,27083.712,214.75,269,5438,449425.7
2021,El Bosque,Santiago, Metropolitana de Santiago,5422,13604259.89,16464,2690818.51,10462.08,6110,1285008.361,4476.916,10337,1409026.018,5985.165,6515,600641.286,2977.999,3149,296594.795,1509.999,3366,304046.507,1468,136,22979,3291459.796
2021,El Carmen,Diguillin,nuble,844,12988340.91,2098,1784209.958,826.083,1009,640921.2725,358.917,1086,1146263.47,467.167,471,334460.1655,250.916,312,142465.5626,187.584,159,191976.8299,63.333,342,2569,2118670.124
2021,El Monte,Talagante, Metropolitana de Santiago,1538,4659559.81,5247,794618.536,3412.832,1919,360040.741,1399.25,3318,434577.798,2013.582,1630,127232.484,709.083,831,58743.428,388,799,68489.058,321.084,205,6877,921851.02
2021,El Quisco,San Antonio,Valparaiso,1118,13367356.45,2674,2049293.041,1630.749,1318,795263.7045,835.5,1370,1257855.052,794.834,1445,443484.6875,592.083,705,203941.4236,328.749,740,239525.4909,263.333,193,4119,2492777.729
2021,El Tabo,San Antonio,Valparaiso,919,13022056.27,2051,1943268.869,1216.666,869,718009.8615,549,1181,1228233.793,667.667,1185,463775.1075,569.334,547,194434.9936,285.917,638,269322.3369,283.417,192,3236,2407043.977
2021,Empedrado,Talca,Maule,246,12399584.19,912,1705039.749,517.333,133,584257.3345,71.333,776,1123757.196,446.001,113,315921.9215,74.001,57,132164.7056,35.834,56,183739.4429,38.167,35,1025,2020961.671
2021,Ercilla,Malleco,La Araucania,246,18319962.21,258,2808501.225,164.334,72,1080185.707,51.75,186,1732865.586,112.584,97,606962.4106,58.166,38,263724.3335,24.833,59,343214.0481,33.333,19,355,3415463.636
2021,Estacion Central,Santiago, Metropolitana de Santiago,6840,27033991.18,28114,4109318.701,17299.327,9727,1525050.761,6521.081,18266,2585547.393,10776.996,10693,757936.107,3841.163,5038,352826.261,1904.331,5655,405109.847,1936.831,139,38807,4867254.808
2021,Florida,Concepcion,Biobio,516,12550603.74,1123,1759896.114,623.833,252,606669.5545,150.5,869,1156201.343,473.333,560,350867.8925,220.75,260,148576.4526,114.083,300,202273.6669,106.667,96,1683,2110764.007
2021,Freire,Cautin,La Araucania,981,13244950.52,3182,1775916.133,1535.082,990,606949.6025,369.167,2182,1171636.472,1165.915,902,336971.5935,373.833,377,139789.4706,195.583,525,197164.3509,178.25,6,4084,2112887.727
2021,Freirina,Huasco,Atacama,343,18363337.12,513,2856174.308,310.749,165,1105002.729,118.667,348,1755721.648,192.083,565,661232.0206,301.499,379,298372.8055,212.417,186,362835.1861,89.083,214,1078,3517406.329
2021,Fresia,Llanquihue,Los Lagos,776,13107645.19,1162,1762301.851,764.667,286,605115.8945,187,876,1160222.773,577.667,675,353211.3465,362,342,149146.8846,194.75,333,204046.6879,167.25,51,1837,2115513.198
2021,Frutillar,Llanquihue,Los Lagos,1677,15048352.49,4067,1997801.969,2452.082,1261,707945.5925,747.167,2799,1292789.265,1704.916,2234,419455.1895,908,838,181765.7196,311.75,1396,237671.6969,596.25,288,6301,2417257.159
2021,Futaleufu,Palena,Los Lagos,370,18333617.15,305,2817911.605,171.249,158,1083778.871,89.249,146,1738682.802,82,185,610595.2756,97.917,128,265616.8795,76.417,57,344954.3671,21.5,314,490,3428506.881
2021,Futrono,Ranco,Los Rios,983,13113486.27,3446,1984376.702,1808.916,1584,753434.0235,823.833,1859,1233917.463,985.083,1015,398443.5845,485.75,402,172617.3536,214.166,613,225808.4599,271.583,310,4461,2382820.287
2021,Galvarino,Cautin,La Araucania,365,1336851.02,1740,291201.432,1081.166,801,149023.825,502.167,939,142177.611,579,525,93458.427,271.666,276,55740.75,151.833,249,37717.68,119.833,7,2265,384659.859
2021,General Lagos,Parinacota,Arica y Parinacota,9,1308190.51,1,318933.1841,1,0,162772.8927,0,1,156308.5712,1,9,95186.03954,3,4,45670.34149,1.5,5,49511.37038,1.5,293,10,414119.2236
2021,Gorbea,Cautin,La Araucania,915,13128840.61,1873,1756042.872,864.166,773,611161.0855,305.083,1096,1147856.569,559.083,761,339103.3125,365.583,419,145476.7576,220.667,342,193608.7819,144.917,48,2634,2095146.185
2021,Graneros,Cachapoal,Libertador Gral. Bernardo OÕHiggins,1554,4867713.73,12872,819377.972,4659.162,5057,375342.466,1872.748,7796,444035.499,2786.415,1977,180568.759,1063.499,950,79612.709,540.75,1027,100956.05,522.75,8,14849,999946.731
2021,Guaitecas,Aisen, Aisen del Gral.Carlos Ibanez del Campo,103,18269418.87,309,2843348.155,193.166,117,1099792.109,89.25,191,1748106.115,103.917,289,634510.5046,115.167,140,277672.2845,57.416,149,356814.1901,57.75,237,598,3477858.66
2021,Hijuelas,Quillota,Valparaiso,1260,4233141.74,4177,701907.116,2831.75,1573,288240.541,1117.834,2595,413666.573,1713.916,2034,145691.888,857.75,1057,66634.125,549.084,977,79057.766,308.666,321,6211,847599.004
2021,Hualaihue,Palena,Los Lagos,560,18442360.49,794,2820688.39,388.417,219,1082626.025,109.167,567,1742612.433,279.25,417,609594.7146,221.25,133,263926.7905,62,284,345643.8961,159.25,312,1211,3430283.105
2021,Hualane,Curico,Maule,801,1754325.63,2471,321436.691,1431.083,981,140841.119,579.083,1487,180595.57,852,695,54258.414,380.75,440,28394.476,265.583,255,25863.938,115.167,329,3166,375695.105
2021,Hualpen,Concepcion,Biobio,3155,8297984.84,10110,1605596.846,6115.581,3385,713375.261,2400.666,6724,893325.639,3714.915,4196,343830.63,1756.165,2104,164607.738,998.082,2092,179222.884,758.082,174,14306,1949427.476
2021,Hualqui,Concepcion,Biobio,1087,3138966.9,2816,302213.933,1432.75,787,121525.675,476.583,2024,180688.256,956.166,1121,101027.686,478.084,582,47867.044,275.583,539,53160.644,202.501,97,3937,403241.619
2021,Huara,Tamarugal,Tarapaca,123,6605408.428,108,1149877.988,60.917,57,501398.9942,34,50,650054.2778,26.917,77,294769.7111,30.25,34,133463.6199,14,43,161299.8342,16.25,218,185,1444647.699
2021,Huasco,Huasco,Atacama,542,12623083.25,1181,1713434.118,655.417,346,599580.9745,206.75,862,1119432.065,448.667,527,330348.0045,242.584,318,139256.7426,156.5,209,191073.4889,86.083,215,1708,2043782.123
2021,Huechuraba,Santiago, Metropolitana de Santiago,5984,39042054.09,35789,6082291.433,18120.49,14873,2139521.923,7435.829,20819,3945720.749,10684.494,17586,1508117.886,5188.161,7677,619521.321,2374.331,9909,888596.552,2813.829,119,53375,7590409.319
2021,Illapel,Choapa,Coquimbo,1934,14523191.22,4667,2288872.447,3227.999,2054,925647.8305,1497.5,2602,1366087.531,1730.5,2109,484011.5345,1197.666,893,213795.9036,530.334,1216,270197.8589,667.333,243,6776,2772883.982
2021,Independencia,Santiago, Metropolitana de Santiago,4850,23126156.06,26456,6009687.218,17592.911,11752,3036682.096,8282.914,14651,2973549.898,9309.83,10115,1277147.959,4029.747,4747,599883.289,1975.998,5368,677264.657,2053.748,56,36571,7286835.177
2021,Iquique,Iquique,Tarapaca,12630,65321423.05,44994,4180902.71,25526.155,16008,1499720.824,9900.913,29009,2696125.575,15624.992,19435,1788801.933,7502.078,8897,807503.113,3563.33,10538,981298.838,3938.746,256,64429,5969704.643
2021,Isla de Maipo,Talagante, Metropolitana de Santiago,1969,5740450.45,7951,764494.275,3977.415,3129,296683.799,1506.917,4844,474920.567,2470.499,1787,116302.994,695.749,756,46842.129,291.417,1031,69460.865,404.333,271,9738,880797.269
2021,Isla de Pascua,Isla de Pascua,Valparaiso,326,2911187.92,221,58786.207,131.917,85,20184.55,62,94,38601.658,69.916,253,30595.698,66.917,94,9317.349,29.334,159,21278.347,37.583,233,474,89381.905
2021,Juan Fernandez,Valparaiso,Valparaiso,94,129395.59,191,37625.786,109.167,77,16282.831,52.417,114,21342.955,56.75,164,24929.46,80.833,93,14925.474,46.75,71,10003.987,34.083,232,355,62555.246
2021,La Calera,Quillota,Valparaiso,2905,7910534.84,10018,1221894.257,5890.998,3785,561515.527,2461.249,6196,659379.64,3429.165,3422,279622.765,1794.333,1920,140336.82,1080.415,1502,139285.943,713.916,247,13440,1501517.022
2021,La Cisterna,Santiago, Metropolitana de Santiago,5489,21287016.66,22223,3022020.967,13316.161,6781,1005385.83,4329.165,15425,2033058.388,8986.829,7402,636101.522,2950.248,3157,259547.542,1301.416,4245,376553.984,1648.832,60,29625,3658122.489
2021,La Cruz,Quillota,Valparaiso,1395,4349584.15,4578,565501.697,2669.999,1648,209207.919,964.083,3073,361018.849,1705.583,1562,101414.405,646.999,750,38263.158,336.583,812,63151.247,310.416,289,6140,666916.102
2021,La Estrella,Cardenal Caro,Libertador Gral. Bernardo OÕHiggins,321,12217191.53,292,1683006.069,180.25,97,586849.1525,58.084,194,1099131.699,122.166,224,317275.4785,78.583,116,131846.4126,56.333,108,185411.2919,22.25,250,516,2000281.548
2021,La Florida,Santiago, Metropolitana de Santiago,16348,46042078.17,50211,7476875.837,30220.072,19425,3372226.237,13094.83,30465,4112926.676,17125.242,23799,1911488.337,8888.742,11350,857960.304,4507.83,12449,1053360.271,4380.83,144,74010,9388364.174
2021,La Granja,Santiago, Metropolitana de Santiago,3853,10881111.16,9434,1546996.735,6152.748,2749,593048.356,1996.333,6660,952684.796,4153.915,5058,489736.909,2604.082,2517,244910.747,1317.25,2541,244814.928,1286.666,145,14492,2036733.644
2021,La Higuera,Elqui,Coquimbo,223,18313142.09,334,2809171.64,152,146,1079938.926,63.834,176,1733782.782,88.167,187,607153.4706,82,90,263663.0945,41.167,97,343466.3471,40.834,257,521,3416325.111
2021,La Ligua,Petorca,Valparaiso,2559,15441039,5046,2033950.014,3045.749,1812,724286.4955,1149.083,3190,1312792.182,1896.666,2154,401592.9015,975.417,1022,172222.0486,455.166,1132,229353.0809,520.251,208,7200,2435542.916
2021,La Pintana,Santiago, Metropolitana de Santiago,5096,17758391.07,16944,1919913.853,9289.412,4175,537685.311,2460.915,12740,1382136.81,6828.496,5375,301308.929,2238.998,2104,105627.315,910.249,3271,195681.615,1328.749,146,22319,2221222.782
2021,La Reina,Santiago, Metropolitana de Santiago,6290,25980396.35,22021,3724193.552,12729.328,7996,1379761.464,4970.499,13963,2344434.327,7758.747,15992,1153116.019,4648.077,7647,493795.269,2273.914,8345,659320.749,2374.164,85,38013,4877309.571
2021,La Serena,Elqui,Coquimbo,13604,41247800.09,55052,7422150.264,31233.819,20989,3298016.604,13382.245,34135,4144920.802,17851.491,21494,1775709.325,8413.326,10073,795589.601,4100.914,11421,979486.248,4311.413,213,76546,9197859.589
2021,La Union,Ranco,Los Rios,2551,16259708.77,8511,2548330.036,5449.831,3075,1017445.189,2023.583,5542,1542424.804,3426.248,2861,498640.6355,1359.083,1257,217474.4276,620.833,1604,281148.4299,738.249,30,11372,3046970.672
2021,Lago Ranco,Ranco,Los Rios,562,18446499.74,1568,2997086.894,906.167,801,1196732.458,454.417,767,1804904.506,451.75,617,666315.8596,281.583,345,301642.4645,176.583,272,364649.3641,105,309,2185,3663402.754
2021,Lago Verde,Coihaique, Aisen del Gral.Carlos Ibanez del Campo,74,6594831.628,130,1179233.254,95.834,66,516729.6072,52.167,64,664078.9308,43.667,212,315920.0571,186.167,127,145776.9279,113.917,85,170136.8732,72.25,148,342,1495153.311
2021,Laguna Blanca,Magallanes,Magallanes y de la Antartica Chilena,19,19530193.95,38,3123686.246,25.917,13,1241403.551,6,25,1886981.042,19.917,69,700503.7321,18.25,15,308672.44,5.333,54,391802.9355,12.917,55,107,3824189.978
2021,Laja,Biobio,Biobio,890,13305115.94,6101,1862676.275,2552.415,1089,635722.5115,563.166,4995,1229928.545,1989.249,948,354855.6745,459.834,659,154810.1406,351,289,200027.7599,108.834,75,7049,2217531.95
2021,Lampa,Chacabuco, Metropolitana de Santiago,6458,31291503.93,23134,3770486.622,14208.494,6652,1152637.674,4418.832,16414,2618649.527,9788.662,10148,798034.451,3860.58,4139,314720.275,1746.583,6009,483289.583,2113.831,111,33282,4568521.073
2021,Lanco,Valdivia,Los Rios,989,13047597.61,3815,1938375.711,1782.833,1745,708467.4665,746.25,2079,1233919.942,1036.582,1011,385788.8175,542.166,678,168611.9546,398.75,333,217159.0889,143.417,132,4826,2324164.529
2021,Las Cabras,Cachapoal,Libertador Gral. Bernardo OÕHiggins,1716,5589322.76,6775,665382.215,3356.915,2834,327041.32,1491.582,3938,338418.404,1865.249,1671,139433.266,779.833,779,55351.87,390.167,892,84081.396,389.666,324,8446,804815.481
2021,Las Condes,Santiago, Metropolitana de Santiago,53587,359397472.7,218514,52477778.18,121307.61,87357,17121060.71,49294.395,131820,35416580.85,72004.466,173688,14804567.01,47040.273,81090,6104174.434,22600.722,92598,8700214.597,24438.8,155,392202,67282345.19
2021,Lautaro,Cautin,La Araucania,1965,6203360.72,7407,1058900.744,4655.332,2751,473918.876,1854,4695,589903.41,2801.332,2034,224145.771,884.583,854,99422.769,391.917,1180,124722.998,492.666,49,9441,1283046.515
2021,Lebu,Arauco,Biobio,1185,13768382.77,1033,1735259.855,648.417,383,603704.0825,227.666,647,1134530.555,420.75,1443,349796.5025,489.499,794,144593.8486,298.833,649,205184.8809,190.666,65,2476,2085056.358
2021,Licanten,Curico,Maule,568,18436336.19,1210,2810545.528,815.166,575,1080813.376,421.583,631,1734282.22,393.583,693,614983.2196,350.417,472,270053.6485,249.749,221,344905.5421,100.667,180,1903,3425528.748
2021,Limache,Marga Marga,Valparaiso,2931,8171645.05,10696,1101226.538,6232.83,4074,455188.611,2480.249,6694,653762.153,3752.165,3134,254818.837,1288.916,1536,126192.04,688.083,1598,128626.795,600.833,244,13830,1356045.375
2021,Linares,Linares,Maule,6251,16448394.41,24729,1902161.885,11087.409,10512,791450.313,4568.247,14143,1111394.524,6519.162,6007,362586.47,2619.665,3249,167578.908,1616.833,2758,194987.048,1002.583,79,30736,2264748.355
2021,Litueche,Cardenal Caro,Libertador Gral. Bernardo OÕHiggins,575,12599975.39,1565,1859533.652,996.083,626,679518.2915,424.999,938,1182953.036,571.083,647,349497.8125,274.083,307,147199.0516,142.501,340,202280.9889,131.584,186,2212,2209031.465
2021,Llaillay,San Felipe de Aconcagua,Valparaiso,1226,2959228.63,4259,478854.744,2326.916,1682,230195.661,1010.5,2608,250622.325,1316.416,867,53013.452,417.916,418,26782.183,225.5,449,26231.27,192.417,71,5126,531868.196
2021,Llanquihue,Llanquihue,Los Lagos,1066,13658776.81,2648,1831176.205,1295.332,845,624214.9685,345.083,1799,1209817.211,949.666,733,341169.1545,260.916,279,142539.2406,113.834,454,198612.1409,147.083,52,3381,2172345.36
2021,Lo Barnechea,Santiago, Metropolitana de Santiago,10692,71766863.46,26731,6119174.811,15683.827,11253,2344621.995,6743.58,15635,3794308.389,8939.497,24075,2426172.572,7015.076,11485,1094657.976,3487.413,12590,1330242.688,3526.578,156,50806,8545347.383
2021,Lo Espejo,Santiago, Metropolitana de Santiago,2992,8103414.07,8746,1623963.982,6065.998,3110,747475.822,2477.832,5664,883583.189,3588.165,2499,228630,1136.416,1090,96878.039,520.416,1409,131751.962,616,157,11245,1852593.982
2021,Lo Prado,Santiago, Metropolitana de Santiago,2990,16189104.11,5881,2412782.911,3638.749,2048,948530.4975,1414,3820,1467051.652,2223.165,3120,509820.7325,1453.083,1541,229643.7616,734.916,1579,280159.2009,718.166,158,9001,2922603.644
2021,Lolol,Colchagua,Libertador Gral. Bernardo OÕHiggins,650,13205539.18,3856,1775300.556,1348.999,1349,617325.6525,432.583,2504,1160949.687,916.416,546,331843.0635,255.25,260,138613.2476,139.25,286,193212.0429,116,328,4402,2107143.62
2021,Loncoche,Cautin,La Araucania,1157,13326650.72,2909,2036211.249,1810.249,1210,784704.8335,805.333,1697,1254481.208,1004.917,1018,415040.0685,468.083,559,190895.5486,262.917,459,224126.7429,205.166,131,3927,2451251.318
2021,Longavi,Linares,Maule,2240,14664680.07,5053,1811104.737,1830.164,1782,622415.6705,569.416,3299,1191748.45,1260.749,1041,333167.2025,461.583,418,135643.4876,202.167,623,197505.9419,259.416,80,6094,2144271.94
2021,Lonquimay,Malleco,La Araucania,482,18394581.7,597,2813714.08,304.917,218,1081825.034,114.833,379,1736439.115,190.083,189,607944.5616,88.166,33,263272.4185,19.584,156,344648.1141,68.583,117,786,3421658.642
2021,Los alamos,Arauco,Biobio,751,18546282.16,983,2822830.581,555.917,262,1084361.208,154.916,774,1743019.441,400.999,500,612290.6516,283.667,174,264995.9835,83.5,326,347270.6391,200.167,66,1483,3435121.233
2021,Los Andes,Los Andes,Valparaiso,3779,11817990.54,14981,1693127.124,7984.163,6366,754181.361,3600.332,8634,940501.786,4383.831,5537,405514.592,2360.331,2392,185869.324,1055.249,3145,219645.264,1305.082,301,20518,2098641.716
2021,Los angeles,Biobio,Biobio,13407,46632129.75,57354,7739283.924,32006.402,22365,3236011.02,12555.578,34912,4513332.591,19450.824,17361,1394985.402,7066.411,8557,688736.872,3812.331,8804,706243.835,3253.997,76,74715,9134269.326
2021,Los Lagos,Valdivia,Los Rios,1016,13244935.88,1991,1772848.267,1201.083,562,611401.8955,336.667,1421,1164421.153,864.416,999,333910.6175,492.166,369,136909.3496,183.584,630,196983.4949,308.583,31,2990,2106758.885
2021,Los Muermos,Llanquihue,Los Lagos,1337,13908678.44,1899,1864495.367,1287.749,671,659133.9515,429.333,1230,1208336.196,858.417,750,380194.4175,331.25,381,165562.0426,179.584,369,214614.6039,151.667,258,2649,2244689.785
2021,Los Sauces,Malleco,La Araucania,419,12364215.28,1100,1697480.148,427.167,308,586244.6175,92.833,792,1114210.312,334.333,162,317412.8795,94.167,46,131685.6216,22.166,116,185709.4849,71.999,20,1262,2014893.028
2021,Los Vilos,Choapa,Coquimbo,1460,14058463.76,2449,1918231.117,1599.666,1145,703019.0215,726.333,1402,1218587.601,873.333,1478,401099.0775,727.333,701,174648.9726,341.083,777,226432.3319,386.25,209,3927,2319330.195
2021,Lota,Concepcion,Biobio,1320,13530981.01,2459,1770271.307,1303,790,619423.4155,457.917,1665,1153822.674,845.083,1421,434517.8205,579.916,370,144021.4336,170.833,1051,290478.6139,409.083,98,3880,2204789.128
2021,Lumaco,Malleco,La Araucania,398,12465334.28,2117,1886951.381,1318.666,586,688061.6465,425.833,1532,1201886.26,892.833,418,374081.9195,192.416,201,158707.8976,105.916,217,215356.2489,86.5,21,2535,2261033.301
2021,Machali,Cachapoal,Libertador Gral. Bernardo OÕHiggins,2645,7870106.84,9158,960765.646,4545.664,3529,394493.217,1864.249,5612,569714.496,2681.414,3508,208639.505,1262.665,1539,84040.064,569.499,1969,124599.44,693.165,304,12666,1169405.151
2021,Macul,Santiago, Metropolitana de Santiago,5447,23396060.98,21899,3605261.813,13575.495,7817,1364582.627,5219.832,14110,2249268.624,8355.247,11758,922486.774,3805.747,5454,411840.783,1825.582,6304,510645.993,1980.164,159,33657,4527748.587
2021,Mafil,Valdivia,Los Rios,425,18392883.49,1076,2931169.69,657.167,512,1157098.492,302.25,561,1778621.262,354.916,551,646852.0476,278.251,292,286389.5945,155.667,259,360438.4241,122.584,32,1627,3578021.738
2021,Maipu,Santiago, Metropolitana de Santiago,21991,57206380.72,60844,7709923.241,34419.651,20442,2931500.561,12470.245,40322,4786477.74,21948.239,26047,2620414.161,10856.242,12620,1262449.507,5657.829,13427,1357903.538,5198.163,170,86891,10330337.4
2021,Malloa,Cachapoal,Libertador Gral. Bernardo OÕHiggins,841,13062849.08,3279,1748729.071,1258.165,1208,604255.8625,399.5,2064,1147436.87,858.666,566,322076.9445,252.5,296,134299.1356,159.25,270,187760.0359,93.25,9,3845,2070806.016
2021,Marchigue,Cardenal Caro,Libertador Gral. Bernardo OÕHiggins,632,12985120.33,2010,1800709.105,1012.666,412,623814.0555,225.25,1595,1179869.832,787.416,446,338431.0655,178.917,231,142151.2476,96.834,215,196262.0449,82.083,0,2456,2139140.171
2021,Maria Elena,Tocopilla,Antofagasta,187,12054020.88,735,1694499.075,423.75,233,592367.8825,130.666,501,1105105.976,293.084,164,319027.3085,88.584,117,133989.6356,70.251,47,185019.8999,18.333,106,899,2013526.384
2021,Maria Pinto,Melipilla, Metropolitana de Santiago,883,3518208.17,2523,379059.707,1491.332,1076,177144.755,625.583,1444,201927.789,865.666,979,89789.917,375.25,406,30556.482,181.999,573,59233.434,193.25,127,3502,468849.624
2021,Mariquina,Valdivia,Los Rios,1186,13416496.13,3247,2028017.573,2013.416,1237,770874.5865,826.083,2009,1260553.26,1187.333,1508,434304.2825,726.749,747,196607.9486,420.333,761,237678.5619,306.416,222,4755,2462321.856
2021,Maule,Talca,Maule,2555,6897399.41,5783,524193.343,3007.666,1475,122889.882,729.332,4318,402713.057,2277.832,1909,96488.268,755.999,840,36788.916,360.25,1069,59699.352,395.75,281,7692,620681.611
2021,Maullin,Llanquihue,Los Lagos,701,12664723.65,1549,1900001.493,1057.917,696,706218.7795,513,850,1196757.498,544.916,1024,392208.2835,536.5,504,171517.0436,273.75,520,220673.4629,262.75,259,2573,2292209.777
2021,Mejillones,Antofagasta,Antofagasta,618,2095882.54,2128,241516.862,1168.832,673,74645.559,400.834,1449,166745.001,767.666,960,116111.429,419.166,396,39569.577,215.417,564,76541.851,203.75,228,3088,357628.291
2021,Melipeuco,Cautin,La Araucania,285,18311301.61,607,2883677.695,381.416,299,1125958.385,202.084,308,1762269.378,179.333,704,682579.5876,348.667,377,303623.2255,194.417,327,378932.3291,154.25,308,1311,3566257.283
2021,Melipilla,Melipilla, Metropolitana de Santiago,8023,25513949.11,37963,3776173.989,18504.156,14152,1742748.284,7395.997,24041,2047651.448,11108.077,8852,682868.738,3830.58,4436,288609.269,1964.999,4416,394259.478,1865.582,323,46815,4459042.727
2021,Molina,Curico,Maule,2630,7064334.25,19684,1145075.645,6568.41,7055,522284.311,2615.247,12642,624360.829,3953.162,2597,156722.572,1143.666,1238,78860.495,660.499,1359,77862.077,483.166,305,22281,1301798.217
2021,Monte Patria,Limari,Coquimbo,1714,13819582.71,7880,2323119.32,3875.832,3364,942594.7285,1778.916,4507,1383430.516,2096.249,2473,461817.6115,1271.25,1223,199139.9486,686.833,1250,262659.8899,584.417,297,10353,2784936.932
2021,Mostazal,Cachapoal,Libertador Gral. Bernardo OÕHiggins,1307,4955462.16,8347,410468.085,2931.664,2962,96035.603,885.666,5374,314425.234,2045.666,1192,56887.145,556.417,719,22714.04,362.667,473,34173.106,193.749,40,9539,467355.23
2021,Mulchen,Biobio,Biobio,1269,14001989.88,3306,1844988.803,1622.25,1305,634848.7925,559.333,1999,1213114.793,1062.916,1153,373178.4295,544.833,561,164618.7966,278,592,208541.8599,266.834,77,4459,2218167.233
2021,Nacimiento,Biobio,Biobio,1197,14111013.31,5197,1908494.991,2557.498,1079,632104.2805,650.5,4103,1279350.912,1906.999,1389,358424.9935,569.167,716,153161.4086,291.75,673,205245.8109,277.416,78,6586,2266919.985
2021,Nancagua,Colchagua,Libertador Gral. Bernardo OÕHiggins,1223,13661638.64,4291,1891211.317,1960.749,1575,659021.2945,654.75,2705,1235164.805,1306,786,333281.4325,333.916,374,139265.4016,186.333,412,193998.2579,147.583,42,5077,2224492.75
2021,Natales,ultima Esperanza,Magallanes y de la Antartica Chilena,2387,5799429.16,7079,623996.243,3965.749,3033,265337.656,1721.249,3993,359399.503,2244.499,3850,299386.865,1361.666,1832,146003.056,784.499,2018,153383.809,577.166,152,10929,923383.108
2021,Navidad,Cardenal Caro,Libertador Gral. Bernardo OÕHiggins,482,18394630.85,1173,2975923.485,780,605,1183928.705,418.917,562,1796544.848,361.083,813,647487.2466,289.999,399,282666.5045,148.083,414,364796.7101,141.916,187,1986,3623410.732
2021,Negrete,Biobio,Biobio,465,12584256.31,1433,1729590.304,634.75,520,599656.6285,213.25,911,1132908.457,421.499,373,323238.8325,166.167,200,133633.9086,112.25,173,189587.1509,53.916,82,1806,2052829.137
2021,Ninhue,Itata,nuble,239,18322641.82,305,2807983.797,163.917,89,1079592.537,48.583,216,1732941.327,115.333,82,606014.7536,47.417,47,263475.8905,31.167,35,342514.8341,16.25,268,387,3413998.551
2021,niquen,Punilla,nuble,787,18544501.8,1513,3037152.395,1010.666,680,1222953.435,472.833,831,1818749.024,537.833,573,648989.4036,277.083,259,282408.5915,139.583,314,366556.7831,137.5,341,2086,3686141.799
2021,Nogales,Quillota,Valparaiso,1146,13654038.74,4232,2020356.633,2225.999,1354,748044.8485,798.499,2871,1275286.565,1427.499,1348,387675.7755,648.916,815,170321.6416,437.167,533,217336.3609,211.75,248,5580,2408032.409
2021,Nueva Imperial,Cautin,La Araucania,1354,13637943.05,3227,1814529.222,1789.083,846,627534.5365,518.333,2391,1190992.525,1270.749,1413,458731.5885,645.083,630,217565.8236,317.5,783,241147.9929,327.583,10,4640,2273260.811
2021,nunoa,Santiago, Metropolitana de Santiago,15744,63931052.33,71559,10585501.24,40580.315,28365,3985536.953,17039.91,42977,6608241.24,23538.239,49498,3305286.996,13565.149,23581,1435092.637,6581.993,25917,1870134.982,6982.991,171,121057,13890788.24
2021,OHiggins,Capitan Prat, Aisen del Gral.Carlos Ibanez del Campo,76,6596060.218,41,1149381.612,19.75,15,501230.7242,7.167,26,649726.1718,12.583,50,295212.6571,21.25,27,134356.4369,12.417,23,160849.9632,8.834,153,91,1444594.269
2021,Olivar,Cachapoal,Libertador Gral. Bernardo OÕHiggins,1018,4478830.09,4584,428134.278,2261.166,1341,96644.508,612.499,3226,331489.772,1648.666,922,51608.462,359.917,426,17013.839,186.834,496,34594.622,173.083,270,5506,479742.74
2021,Ollague,El Loa,Antofagasta,14,7880781.058,65,1467628.128,44.417,43,663825.1479,28.833,22,805526.544,15.583,17,388732.3186,7.667,11,178899.8524,5.583,6,209821.8826,2.083,315,82,1856360.447
2021,Olmue,Marga Marga,Valparaiso,1077,13518037.86,3047,2025731.356,1902.084,1238,765052.6635,817.917,1789,1263653.471,1084.167,1266,403681.7855,495.999,609,169819.0976,265,657,233844.9129,231,68,4313,2429413.142
2021,Osorno,Osorno,Los Lagos,11270,37442739.66,44680,7260807.593,27894.49,17625,3223595.404,11513.913,27044,4046362.752,16380.327,15778,1149974.123,6369.329,7022,532389.311,3025.498,8756,617584.813,3343.831,53,60458,8410781.716
2021,Ovalle,Limari,Coquimbo,6297,16013126.77,29499,3429600.261,15486.492,12627,1776521.33,7487.248,16911,1658223.064,7999.161,8326,823325.728,4339.83,4157,409998.121,2135.249,4169,413327.584,2204.582,211,37825,4252925.989
2021,Padre Hurtado,Talagante, Metropolitana de Santiago,3333,9133202.06,8648,1269017.933,5298.665,3078,533577.125,2053.583,5563,736237.687,3245.082,3436,300472.858,1592.582,1708,139257.249,868.832,1728,161215.614,723.75,225,12084,1569490.791
2021,Padre Las Casas,Cautin,La Araucania,2674,7375239.5,9841,1211442.175,5363.747,3062,494742.043,1891.917,6819,721046.283,3471.832,3501,337123.718,1479.082,1573,146481.517,699.749,1928,190642.194,779.333,286,13342,1548565.893
2021,Paihuano,Elqui,Coquimbo,419,18354603.23,1388,2932542.678,890.833,594,1154869.743,405.917,792,1782223.003,484.917,634,643353.6896,278.916,313,283745.4645,146.25,321,359584.1931,132.666,242,2022,3575896.368
2021,Paillaco,Valdivia,Los Rios,1315,3321783.04,3734,539804.054,2332,1678,257839.025,1042.833,2051,281965.037,1289.166,1844,108044.538,790.416,923,53640.521,440.501,921,54404.019,349.916,33,5578,647848.592
2021,Paine,Maipo, Metropolitana de Santiago,4137,15087058.26,19518,2076931.518,9662.828,7287,866730.209,3702.248,12255,1212535.605,5960.579,5439,431048.527,2180.332,2457,189302.711,1033.083,2982,241745.818,1147.249,251,24957,2507980.045
2021,Palena,Palena,Los Lagos,167,18285292.62,316,2811276.118,192.5,88,1082027.25,48.167,228,1733798.936,144.334,83,606887.2016,42.667,45,264257.3425,22.749,38,342605.8291,19.916,313,399,3418163.32
2021,Palmilla,Colchagua,Libertador Gral. Bernardo OÕHiggins,1083,3159315.28,4262,230554.109,1592,1477,61740.682,485.917,2782,168812.69,1105.916,619,26886.329,249.416,245,8258.434,107.584,374,18627.896,141.833,275,4881,257440.438
2021,Panguipulli,Valdivia,Los Rios,2168,6152324.14,5866,995551.514,3865.749,2484,492817.128,1738.666,3381,502734.504,2127.083,3128,220279.513,1370.249,1672,95332.699,827.916,1456,124946.818,542.333,141,8994,1215831.027
2021,Panquehue,San Felipe de Aconcagua,Valparaiso,474,12584320.04,3106,1904462.992,1530.999,878,694833.2645,528.333,2222,1212604.513,1002.666,775,359184.5265,303.75,359,153833.7306,136.083,416,205333.0239,167.666,61,3881,2263647.519
2021,Papudo,Petorca,Valparaiso,516,12705402.7,844,1716413.39,468.25,353,603005.1655,191.417,491,1116383.008,276.833,419,342909.2505,177.667,173,137286.1836,71.416,246,205605.2929,106.25,207,1263,2059322.641
2021,Paredones,Cardenal Caro,Libertador Gral. Bernardo OÕHiggins,402,18377947.45,1324,2920794.328,681,488,1145353.904,293.833,824,1779990.493,387.166,547,651752.1676,233.999,258,283690.7445,116.666,289,368037.3941,117.333,182,1871,3572546.496
2021,Parral,Linares,Maule,3373,8859310.78,8561,1049991.685,5106.249,3547,504396.44,2149.583,4987,545582.873,2956.582,3080,220785.009,1517.333,1233,104260.533,606.083,1847,116524.475,911.25,335,11641,1270776.694
2021,Pedro Aguirre Cerda,Santiago, Metropolitana de Santiago,4255,17454004.1,12281,2040325.105,8112.664,4239,844119.717,3076.332,8011,1196479.61,5036.081,5069,460718.698,2277.749,2462,222682.037,1197.166,2607,238036.652,1080.582,172,17350,2501043.803
2021,Pelarco,Talca,Maule,591,12564433.06,1668,1875234.753,1077.5,565,680962.2855,401.416,1130,1199888.961,676.084,597,363296.9205,286.834,339,156360.0926,176.583,258,206919.0549,110.25,277,2265,2238531.674
2021,Pelluhue,Cauquenes,Maule,778,18545980.98,735,2819940.434,375.916,291,1084800.901,132.334,444,1739689.6,243.583,242,608855.0596,121.417,127,263898.2185,61.833,115,344932.8121,59.584,178,977,3428795.494
2021,Pemuco,Diguillin,nuble,367,18381983.55,644,2881576.314,451.083,277,1116987.623,185.5,366,1769138.76,265.583,249,632001.3536,118.834,144,276955.8045,70.417,105,355021.5191,48.416,338,893,3513577.668
2021,Penaflor,Talagante, Metropolitana de Santiago,4279,12138928.4,13529,2020860.391,8192.663,4977,881971.967,3265.832,8478,1138992.05,4926.832,4804,340231.622,1924.749,2220,149971.048,934.833,2584,190260.574,989.916,226,18333,2361092.013
2021,Penalolen,Santiago, Metropolitana de Santiago,8888,22433730.53,24969,5008937.725,16065.494,10442,2529183.328,7397.665,14491,2493150.6,8667.579,16343,1491405.829,6269.412,8165,735260.207,3292.498,8178,756145.617,2976.915,67,41312,6500343.554
2021,Pencahue,Talca,Maule,597,12592981.85,2266,1752251.225,976.249,1001,609347.2255,387.833,1259,1145878.782,588.416,564,328034.7525,153.167,338,134304.7616,90.834,226,193712.2179,62.334,37,2830,2080285.978
2021,Penco,Concepcion,Biobio,1638,4147024.7,5067,470915.561,2655.749,1195,122599.714,693.416,3861,348737.973,1962.332,1783,118955.762,807.249,908,53489.636,489.916,875,65466.128,317.334,176,6850,589871.323
2021,Peralillo,Colchagua,Libertador Gral. Bernardo OÕHiggins,910,13227650.14,3036,1956236.074,1739.25,1019,715485.6365,660.167,2017,1243725.219,1079.083,801,375826.6955,396.333,398,158099.9086,223.167,403,217709.0139,173.167,43,3837,2332062.77
2021,Perquenco,Cautin,La Araucania,276,18322513.25,813,2939028.762,631.667,369,1162268.387,300,444,1781310.438,331.667,329,643230.6246,150.583,152,282100.2775,72.083,177,361106.3181,78.5,11,1142,3582259.387
2021,Petorca,Petorca,Valparaiso,554,18464947.84,2211,2828885.211,766.416,694,1085817.88,245.666,1478,1747617.4,520.749,398,610626.1136,173.667,202,266283.3565,113.5,196,344318.7281,60.167,59,2609,3439511.325
2021,Peumo,Cachapoal,Libertador Gral. Bernardo OÕHiggins,896,13239422.06,3569,1848433.878,1815.499,1041,660317.5955,553.834,2516,1191091.065,1261.666,826,344711.5525,463.917,452,149231.4946,278.25,374,195462.2849,185.667,27,4395,2193145.431
2021,Pica,Tamarugal,Tarapaca,344,18340213.82,499,2812511.376,251.499,221,1083063.588,125.75,278,1733997.856,125.749,184,607171.6626,86.167,88,264035.1955,42.667,96,343112.4381,43.5,316,683,3419683.039
2021,Pichidegua,Cachapoal,Libertador Gral. Bernardo OÕHiggins,1558,14145750.49,5808,1853414.693,2252.082,2029,641629.1435,789.249,3767,1214760.009,1462.833,1100,344857.6245,524.916,481,146759.5876,274.417,619,198080.2639,250.5,28,6908,2198272.318
2021,Pichilemu,Cardenal Caro,Libertador Gral. Bernardo OÕHiggins,2014,14354572.43,3767,2038065.815,2116.499,1687,751661.4845,947.749,2068,1289379.114,1168.749,2516,521768.4855,1229.666,1363,226848.2076,701.416,1153,294902.5059,528.25,185,6283,2559834.301
2021,Pinto,Diguillin,nuble,885,13008157.85,1600,1723184.001,820.083,627,600017.0605,291.583,969,1126141.723,528.5,604,333048.6995,242.583,265,136528.2756,116.167,339,196502.6499,126.416,336,2204,2056232.701
2021,Pirque,Cordillera, Metropolitana de Santiago,1609,6544969.23,4827,865429.916,3161.833,1678,358095.029,1191.249,3141,507840.059,1970.584,3154,255271.341,1182.083,1556,118009.269,635.583,1598,137262.078,546.5,112,7981,1120701.257
2021,Pitrufquen,Cautin,La Araucania,1245,13670003.08,3099,2090099.874,1935.499,1380,814660.0485,932.833,1691,1278414.609,1002.667,1402,457439.8965,695.999,718,212458.3776,332.417,684,244963.7429,363.583,12,4501,2547539.771
2021,Placilla,Colchagua,Libertador Gral. Bernardo OÕHiggins,664,12831499.65,3015,1815281.592,1277.248,1081,637703.3985,439.332,1923,1180552.976,837.916,652,379523.7595,317.084,321,165877.4596,162.167,331,213628.5289,154.916,44,3667,2194805.352
2021,Portezuelo,Itata,nuble,249,18320006.04,571,2813093.341,305.084,165,1080165.387,50.833,438,1737478.021,254.25,131,606432.4376,48.667,52,263476.6915,24.5,79,342931.7181,24.167,264,702,3419525.779
2021,Porvenir,Tierra del Fuego,Magallanes y de la Antartica Chilena,691,12893510.9,1511,1717708.41,777.833,466,597288.6665,249.5,1042,1123394.524,528.333,650,339736.3165,254.833,401,144391.7086,189.001,249,195326.8349,65.833,102,2161,2057444.727
2021,Primavera,Tierra del Fuego,Magallanes y de la Antartica Chilena,54,18241543.11,100,2805480.488,56.833,30,1078931.989,18.666,70,1731098.567,38.166,46,605534.4956,15.75,29,263218.9015,13.083,17,342291.5651,2.667,92,146,3411014.984
2021,Providencia,Santiago, Metropolitana de Santiago,49903,277323639.9,271390,49735135.72,146476.763,112376,18179053.45,62577.388,158245,31582596.35,83889.624,216182,16030980.06,58700.759,100212,6748876.724,27977.299,115970,9281484.935,30721.459,81,487572,65766115.78
2021,Puchuncavi,Valparaiso,Valparaiso,1350,13935063.52,2806,1838947.943,1464.332,926,634347.6735,493.083,1879,1207570.828,971.167,1669,370443.4625,679.416,986,163173.4376,449.25,683,207252.2519,230.166,204,4475,2209391.406
2021,Pucon,Cautin,La Araucania,2738,5996200.33,7969,939528.029,4110.998,3493,439232.197,1842.749,4441,500544.011,2268.249,3294,221679.246,1039.165,1618,104824.657,575.416,1676,116854.584,463.749,285,11263,1161207.275
2021,Pudahuel,Santiago, Metropolitana de Santiago,9218,37522630.56,32897,4715067.41,18206.409,8617,1103406.413,4944.164,24032,3613175.179,13260.327,11355,808499.338,4345.913,4528,303328.1,1913.499,6827,505171.236,2432.414,183,44252,5523566.748
2021,Puente Alto,Cordillera, Metropolitana de Santiago,21428,42632563.56,50514,7136334.065,30217.654,18287,3413296.151,12656.663,32119,3736062.86,17560.909,22270,1903603.365,10364.744,11303,933582.974,5657.413,10967,970020.362,4707.331,118,72784,9039937.43
2021,Puerto Montt,Llanquihue,Los Lagos,18055,66249200.9,84783,13000643.69,47871.645,28708,5267646.66,18336.327,55900,7740678.135,29533.985,27859,2154672.712,10398.407,12453,1046302.086,5180.329,15406,1108370.624,5218.079,164,112642,15155316.4
2021,Puerto Octay,Osorno,Los Lagos,540,12863465.92,1781,1764851.903,839.667,650,612039.9475,249.582,1053,1155786.738,590.083,478,329717.6975,226.167,173,133855.8176,79.334,305,195844.1079,146.834,287,2259,2094569.601
2021,Puerto Varas,Llanquihue,Los Lagos,5108,21337203.25,19902,2638328.985,10413.912,6807,848235.814,3664.332,13113,1796515.288,6749.58,10656,726411.689,3091.163,4761,306909.013,1454.499,5895,419502.669,1636.665,311,30558,3364740.674
2021,Pumanque,Colchagua,Libertador Gral. Bernardo OÕHiggins,263,18314975.15,381,2811234.571,187.75,86,1080421.969,42.416,295,1735362.67,145.333,140,606493.0416,73.167,88,263594.2785,55.25,52,342874.7341,17.917,45,521,3417727.613
2021,Punitaqui,Limari,Coquimbo,497,18425694.87,1218,2816765.908,565.25,409,1081418.353,174.417,800,1739897.623,390.834,350,608256.6746,195.583,161,264347.1725,92.333,189,343885.4731,103.25,241,1568,3425022.583
2021,Punta Arenas,Magallanes,Magallanes y de la Antartica Chilena,9414,32595700.77,37562,4257440.795,21916.074,15471,1884017.898,9455.663,21865,2372610.946,12459.661,15076,1040628.873,4967.412,6466,430567.954,2326.248,8610,610060.917,2641.164,138,52638,5298069.668
2021,Puqueldon,Chiloe,Los Lagos,210,18296457.75,442,2830864.863,244.916,59,1085751.149,43.5,383,1749663.782,201.417,227,626614.3126,108.833,112,272609.1225,46.417,115,353981.1611,62.417,50,669,3457479.176
2021,Puren,Malleco,La Araucania,734,18507519.27,1303,3023313.403,953.5,539,1203321.364,439.75,758,1824542.107,513.75,826,676252.2446,496.583,250,298585.4685,152.167,576,377642.7471,344.417,22,2129,3699565.648
2021,Purranque,Osorno,Los Lagos,1243,4441400.69,3444,532904.668,2242.083,1173,198679.382,750.5,2260,334225.282,1491.583,1379,108430.901,736.916,496,45124.496,271.833,883,63279.586,465,54,4823,641335.569
2021,Putaendo,San Felipe de Aconcagua,Valparaiso,907,2195815.86,2962,152102.876,1152.499,987,54513.538,397.417,1963,97569.3,754.833,569,28227.96,280.5,318,9000.861,177.417,251,19227.1,103.083,296,3531,180330.836
2021,Putre,Parinacota,Arica y Parinacota,117,117637.79,85,5507.618,52,49,3122.699,28.916,36,2384.92,23.083,95,1854.296,47.5,35,433.608,16.417,60,1420.687,31.084,105,180,7361.914
2021,Puyehue,Osorno,Los Lagos,745,2484700.68,2384,371107.058,1532.584,1025,161220.91,598.75,1358,209886.151,933.834,1010,72222.312,411.25,519,31036.928,225.167,491,41185.384,186.083,142,3394,443329.37
2021,Queilen,Chiloe,Los Lagos,301,18343395.26,457,2810867.751,213.084,170,1079630.545,73.834,287,1735787.274,139.25,293,608193.9206,101.417,145,264398.3675,39.583,148,343771.5231,61.833,162,750,3419061.672
2021,Quellon,Chiloe,Los Lagos,1570,14546184.21,6870,2196375.315,3795.831,2932,863764.5845,1755,3926,1335585.516,2040.833,1921,370558.8725,770.582,1015,157640.4446,470.166,906,212900.6569,300.416,161,8791,2566934.188
2021,Quemchi,Chiloe,Los Lagos,394,12238723.48,1192,1864755.906,758.25,509,689049.7535,348.499,682,1178680.933,409.75,545,370860.0235,311.667,299,161056.3486,181.167,246,209785.9039,130.5,168,1737,2235615.93
2021,Quilaco,Biobio,Biobio,195,18294369.41,733,2887797.677,419.25,306,1126311.346,187.583,426,1766036.4,231.666,301,633583.3946,126.916,170,277131.4485,76.666,131,356427.9191,50.25,83,1034,3521381.072
2021,Quilicura,Santiago, Metropolitana de Santiago,9356,49813745.69,35558,5853801.584,20934.157,9748,1521489.491,6013.831,25743,4334410.125,14920.327,15679,1033440.302,5276.829,6532,396734.236,2437.581,9147,636654.252,2838.83,184,51237,6887241.886
2021,Quilleco,Biobio,Biobio,373,18357971.57,505,2811590.976,335.333,105,1080380.787,67,398,1735760.257,268.333,213,607066.9236,107.416,100,263904.8765,61.167,113,343138.0181,46.25,84,718,3418657.9
2021,Quillon,Diguillin,nuble,1162,13509822.95,1620,1770519.398,888.332,609,616224.8825,316.167,1005,1157269.297,572.167,608,341057.7715,311.751,338,142228.7086,189.083,270,198811.2899,122.667,123,2228,2111577.17
2021,Quillota,Quillota,Valparaiso,5814,16776300.86,22013,2830945.493,12988.578,8808,1257035.217,5610.582,13269,1584601.591,7377.996,7446,558086.093,3225.331,3628,262774.749,1680.249,3818,295264.903,1544.999,245,29459,3389031.586
2021,Quilpue,Marga Marga,Valparaiso,7425,18714784.35,26634,3091419.744,15305.244,11226,1463485.932,6928.663,15482,1640465.084,8375.329,9820,521266.519,3782.746,4645,211019.307,1915.498,5175,310247.215,1867.248,322,36454,3612686.263
2021,Quinchao,Chiloe,Los Lagos,418,12358884.83,1695,1863954.163,1149,626,675978.0985,465.667,1083,1192575.53,683.333,573,365245.5555,233,221,155037.4426,80,352,210190.3389,153.001,260,2268,2229199.719
2021,Quinta de Tilcoco,Cachapoal,Libertador Gral. Bernardo OÕHiggins,859,13555292.01,3176,1919552.875,1535.999,1234,708614.0325,664.917,1925,1213913.621,871.083,707,361111.5185,335.167,308,153999.5036,127.416,399,207094.2399,207.749,292,3883,2280664.394
2021,Quinta Normal,Santiago, Metropolitana de Santiago,6894,30500620.36,24930,3525436.396,15395.161,6047,822608.269,3800.583,18816,2704397.724,11594.579,9563,614592.512,3503.83,3784,228494.033,1575.916,5779,386098.48,1927.915,188,34493,4140028.908
2021,Quintero,Valparaiso,Valparaiso,1603,4664177.67,3887,455868.425,2223.082,1324,134438.658,795.5,2554,321506.4,1427.582,1944,105668.473,880.749,1048,44055.127,556.917,896,61613.346,323.834,203,5831,561536.898
2021,Quirihue,Itata,nuble,585,12659205.72,2299,2011110.514,1532.75,984,776478.5315,730.834,1315,1237606.763,801.916,495,369069.3325,242.584,251,159416.2246,123.417,244,209635.3329,119.167,266,2794,2380179.847
2021,Rancagua,Cachapoal,Libertador Gral. Bernardo OÕHiggins,13273,42687099.44,56647,7042202.394,29970.652,22958,3140903.624,12923.994,33923,3922792.99,17044.408,20629,1690424.721,9425.327,9806,812579.887,4697.748,10823,877844.848,4727.58,38,77276,8732627.115
2021,Ranquil,Itata,nuble,362,18351734.63,280,2810639.756,171.666,62,1080117.9,41.583,218,1735071.923,130.083,128,606709.2466,57.249,66,263687.2985,31.333,62,342997.9191,25.917,263,408,3417349.003
2021,Rauco,Curico,Maule,745,12856163.55,5540,1888004.27,1899.997,2026,702824.0955,734.665,3620,1189135.415,1165.332,721,348882.3395,237.917,342,146500.8016,137.334,379,202363.7659,100.583,330,6261,2236886.61
2021,Recoleta,Santiago, Metropolitana de Santiago,11030,62023963.01,39182,7036964.317,25887.991,15862,3030080.862,11308.08,23160,4006515.714,14578.495,20012,1646722.648,7173.744,8951,706398.243,3400.497,11061,940064.197,3773.163,189,59194,8683686.965
2021,Renaico,Malleco,La Araucania,469,18422003.41,1380,2817123.953,573.166,438,1082900.818,215.334,941,1738772.568,357.25,223,606938.2866,76.749,60,263464.0395,21.167,163,343450.2181,55.584,23,1603,3424062.24
2021,Renca,Santiago, Metropolitana de Santiago,5570,25410251.13,21832,3167849.727,12228.078,6909,976626.128,3839.498,14885,2192308.02,8388.579,7398,522027.485,2861.165,3222,213620.91,1359.499,4176,308406.575,1501.666,200,29230,3689877.212
2021,Rengo,Cachapoal,Libertador Gral. Bernardo OÕHiggins,3238,10876360.19,18428,1195222.479,7107.077,6647,461174.348,2675.581,11744,733853.164,4430.496,3239,371341.312,1466.915,1614,175749.786,805.416,1625,195591.517,661.499,273,21667,1566563.791
2021,Requinoa,Cachapoal,Libertador Gral. Bernardo OÕHiggins,1818,7989632.48,12006,805420.963,4786.497,4006,220331.416,1494.249,7967,585089.544,3292.248,1701,84028.427,622.166,789,33828.162,347.167,912,50200.265,275,39,13707,889449.39
2021,Retiro,Linares,Maule,1896,14261894.39,4956,1802428.649,1712.582,2025,614881.1475,536.917,2929,1190522.284,1174.832,766,333383.0585,321,285,136294.7046,107.417,481,197070.5809,213.583,291,5722,2135811.708
2021,Rinconada,Los Andes,Valparaiso,532,12657357.55,1561,1736413.59,636.166,577,601902.1605,216.417,1022,1138760.95,419.75,342,324591.6535,154.083,136,136242.8476,66.917,206,188331.0329,87.166,57,1903,2061005.244
2021,Rio Bueno,Ranco,Los Rios,2113,6042146.25,4657,782700.383,3433.082,1796,340652.721,1324.666,2970,453359.591,2108.417,2163,177616.528,1083.582,932,72445.594,486.666,1231,105170.934,596.916,143,6820,960316.911
2021,Rio Claro,Talca,Maule,903,13237946.95,5587,2007317.39,2190.415,2172,747575.7325,930.166,3412,1262716.447,1259.25,1000,409391.6195,483.25,504,179074.6736,280.416,496,230299.1699,202.834,276,6587,2416709.01
2021,Rio Hurtado,Limari,Coquimbo,228,18299405.8,154,2811687.657,115.917,51,1080980.85,37.083,103,1735256.875,78.833,160,606943.1316,98.583,55,263466.7455,32.5,105,343452.3581,66.083,298,314,3418630.789
2021,Rio Ibanez,General Carrera, Aisen del Gral.Carlos Ibanez del Campo,398,18359307.76,559,2852413.16,311.917,249,1101102.231,146.249,309,1755860.998,165.666,506,649927.8606,347.083,210,283416.4975,162,296,366487.3341,185.083,86,1065,3502341.021
2021,Rio Negro,Osorno,Los Lagos,840,13269694.31,2170,1857168.419,1263.583,722,651914.3385,363,1445,1208228.863,900.583,1038,353901.8325,464.166,374,150430.1496,144.833,664,203453.9109,319.333,165,3208,2211070.252
2021,Rio Verde,Magallanes,Magallanes y de la Antartica Chilena,10,7880781.058,24,1467628.128,16.167,4,663825.1479,3.083,20,805526.544,13.083,6,388732.3186,1.416,3,178899.8524,1.083,3,209821.8826,0.333,137,30,1856360.447
2021,Romeral,Curico,Maule,1369,6612232.84,11810,675552.437,3896.746,4279,186374.863,1258.582,7495,489103.597,2638.164,1558,72993.715,433.416,701,22895.526,217.667,857,50098.188,215.75,333,13368,748546.152
2021,Saavedra,Cautin,La Araucania,457,18394987.13,782,2895069.265,511.833,323,1119373.015,207.416,457,1780246.318,304.417,546,711305.3536,296.667,283,318057.1195,153.75,263,393224.2081,142.917,169,1328,3606374.619
2021,Sagrada Familia,Curico,Maule,1461,5487705.57,12962,766180.038,4157.746,4412,322013.051,1540.415,8567,447242.463,2617.248,1477,115513.609,604.582,759,48271.674,359.584,718,67241.933,245,290,14439,881693.647
2021,Salamanca,Choapa,Coquimbo,2263,15045800.87,5848,2257369.205,3477.165,2367,883859.0255,1541.25,3476,1376889.284,1935.916,2907,511767.7705,1349.998,1504,223217.3736,708.499,1403,288532.6199,641.499,299,8755,2769136.976
2021,San Antonio,San Antonio,Valparaiso,5325,15412465.81,15881,2269236.09,10139.414,5877,990567.069,4068.082,9981,1279377.986,6070.664,7124,797130.398,3507.581,3516,410938.257,1871.916,3608,386192.135,1635.666,191,23005,3066366.488
2021,San Bernardo,Maipo, Metropolitana de Santiago,12750,48282948.32,53548,8632576.482,33035.071,17955,3491220.894,12153.996,35619,5152838.425,20880.825,17315,1672765.995,7076.828,7580,716781.118,3372.998,9735,955984.897,3703.83,125,70863,10305342.48
2021,San Carlos,Punilla,nuble,3868,8928398.84,11281,1233149.058,5875.497,4773,548602.022,2470.082,6476,684852.056,3405.415,3867,376400.162,1895.666,1898,213439.614,996.5,1969,162960.54,899.166,195,15148,1609549.22
2021,San Clemente,Talca,Maule,2542,4994995.77,9382,995607.46,4593.248,3986,498006.436,2074.915,5378,497622.839,2518.331,2314,184779.658,1005.416,907,82347.309,443.667,1407,102432.347,561.749,307,11696,1180387.118
2021,San Esteban,Los Andes,Valparaiso,1046,13367264.08,2985,1797016.323,1582.582,930,611335.2205,415.833,2055,1188693.69,1166.75,878,347128.3245,352.333,351,142357.1276,137.75,527,204753.4239,214.584,300,3863,2144144.648
2021,San Fabian,Punilla,nuble,278,18315861.7,743,2813068.297,277,308,1081908.988,98.834,435,1735709.377,178.167,167,606849.6436,72.834,71,263463.3705,32.5,96,343362.2441,40.334,340,910,3419917.941
2021,San Felipe,San Felipe de Aconcagua,Valparaiso,4866,15715125.02,22426,2215103.54,11265.911,9295,1056007.288,5007.914,13090,1160754.739,6257.079,6219,423882.874,2362.415,3207,201762.461,1203.916,3012,222120.421,1158.499,72,28645,2638986.414
2021,San Fernando,Colchagua,Libertador Gral. Bernardo OÕHiggins,5075,16824937.94,24620,2296901.124,11609.16,9128,896602,4369.414,15443,1404884.36,7239.662,6299,665092.271,2814.331,2918,329423.39,1313.249,3381,335668.878,1501.082,334,30919,2961993.395
2021,San Gregorio,Magallanes,Magallanes y de la Antartica Chilena,27,18240706.12,62,2805140.551,39.75,17,1078759.271,9.666,44,1730931.348,30.083,19,605790.4156,9,12,263192.3255,7.417,7,342574.0611,1.584,101,81,3410930.967
2021,San Ignacio,Diguillin,nuble,875,13059395.1,2735,1733394.622,925.5,1173,597620.0535,286.5,1561,1138749.351,638.999,754,324497.8865,297.666,408,134867.0416,188.583,346,189613.0709,109.083,337,3489,2057892.509
2021,San Javier,Linares,Maule,3244,8462724.65,13246,1409624.304,6723.163,4968,623448.854,2631.415,8303,788671.118,4091.748,2713,207311.242,1151.749,1321,94378.589,623.667,1392,112932.656,528.083,278,15959,1616935.546
2021,San Joaquin,Santiago, Metropolitana de Santiago,4768,22232726.53,17050,2748104.265,10593.663,4685,860049.04,3102.916,12319,1890814.681,7489.664,7391,607670.693,2687.748,3189,257390.076,1275.499,4202,350280.611,1412.248,26,24441,3355774.958
2021,San Jose de Maipo,Cordillera, Metropolitana de Santiago,1007,13590719.59,2473,1960520.894,1527.833,1024,673795.3525,630.167,1465,1290178.717,897.666,2078,416854.1055,691.5,1017,176707.7656,336.75,1061,240128.5649,354.75,302,4551,2377375
2021,San Juan de la Costa,Osorno,Los Lagos,216,18294373.84,158,2810272.518,98.584,55,1080323.349,29.916,103,1734499.237,68.666,97,606051.1936,50.167,43,263379.5795,27.25,54,342647.5851,22.917,220,255,3416323.712
2021,San Miguel,Santiago, Metropolitana de Santiago,8001,33816885.94,44842,7907126.242,27208.573,16777,3396609.222,11027.83,27912,4510504.673,16180.243,16346,1784281.99,5760.077,7642,828866.885,2799.248,8704,955415.131,2960.831,36,61188,9691408.232
2021,San Nicolas,Punilla,nuble,680,18493927.54,2333,2883167.764,886.333,887,1115218.226,267.833,1446,1772499.606,618.5,764,666602.5256,360.166,341,294157.9935,171.251,423,372420.5031,188.917,339,3097,3549770.29
2021,San Pablo,Osorno,Los Lagos,549,12925834.34,1493,1801419.91,968.25,436,630384.8285,277.501,1057,1174009.863,690.75,656,368479.1675,299,223,153949.9666,114.501,433,214511.4279,184.5,29,2149,2169899.078
2021,San Pedro,Melipilla, Metropolitana de Santiago,797,13213743.17,1940,1735198.641,1138.999,616,595786.0355,315.084,1301,1142387.388,823.917,421,322379.3675,206.666,242,135251.8516,121.249,179,187109.7429,85.417,325,2361,2057578.009
2021,San Pedro de Atacama,El Loa,Antofagasta,867,12749900.16,2335,2018372.099,1434.5,1209,787610.9305,762.833,1127,1234497.693,671.667,1499,431236.1575,464.999,733,189248.3156,243.584,766,241970.0669,221.416,294,3834,2449608.257
2021,San Pedro de la Paz,Concepcion,Biobio,6455,18904564.13,23443,2906819.84,12838.494,6970,1021152.821,4349.832,16576,1897545.233,8488.579,9453,557768.098,3134.247,4411,230207.431,1640.332,5042,327560.662,1493.915,99,32896,3464587.938
2021,San Rafael,Talca,Maule,546,12578697.24,1702,1862825.787,1122.667,687,693247.7975,493.916,1013,1172552.77,628.751,568,360823.6535,249.584,300,159668.2936,146.417,268,201137.5879,103.167,282,2270,2223649.441
2021,San Ramon,Santiago, Metropolitana de Santiago,2909,16411884.5,9780,3765042.3,6645.414,4397,1792846.215,3377.499,5369,1975377.686,3267.915,4875,1036987.386,2217.914,2741,546040.3876,1259.583,2134,490929.2179,958.333,47,14655,4802029.686
2021,San Rosendo,Biobio,Biobio,110,6606665.598,111,1151411.807,46.584,39,502557.3652,20.416,71,650429.7258,26.166,62,293973.9421,32.417,44,133484.1739,25.166,18,160483.5122,7.25,87,173,1445385.749
2021,San Vicente,Cachapoal,Libertador Gral. Bernardo OÕHiggins,3484,9243216.55,12640,1185175.938,6194.247,4379,476737.802,2271.665,8234,708438.132,3922.58,3688,293480.958,1717.583,1750,144784.178,923.749,1938,148696.781,793.833,41,16328,1478656.896
2021,Santa Barbara,Biobio,Biobio,807,12829635.18,1554,1787706.804,843,575,628688.2635,310.083,977,1161947.535,532.584,561,340802.1605,247.251,340,147017.2326,159.917,221,193767.1539,87.333,283,2115,2128508.965
2021,Santa Cruz,Colchagua,Libertador Gral. Bernardo OÕHiggins,3523,11729946.03,14847,1715315.613,7872.079,5827,806594.526,3372.249,9000,908714.409,4499.748,3595,387399.337,1413.415,1673,188252.905,706.083,1922,199146.44,707.333,274,18442,2102714.95
2021,Santa Juana,Concepcion,Biobio,598,12429799.9,1664,1891066.83,1120.75,738,709914.1245,541.5,919,1184127.485,579.25,518,364790.6115,247.833,237,160153.1286,118.333,281,204619.7099,129.5,100,2182,2255857.442
2021,Santa Maria,San Felipe de Aconcagua,Valparaiso,931,13489191.53,4609,1987075.165,2153.665,1910,748793.4725,935.916,2748,1242360.387,1217.749,991,385818.1565,416.75,516,175519.9686,234,475,210280.4169,182.75,73,5600,2372893.322
2021,Santiago,Santiago, Metropolitana de Santiago,59554,275157394.5,388369,95051074.27,262284.092,187836,46774062.23,136947.302,200473,48360889.52,125327.789,156052,14928322.16,50794.281,74472,6394671.446,24241.308,81580,8532599.207,26552.556,109,544421,109979396.4
2021,Santo Domingo,San Antonio,Valparaiso,2226,23294543.95,4282,1000842.267,2964.415,1494,360473.655,1090.083,2766,640335.168,1873.999,2519,319220.847,876.833,1005,105949.607,369.333,1514,213271.24,507.5,190,6801,1320063.114
2021,Sierra Gorda,Antofagasta,Antofagasta,133,12008800.6,412,1684319.264,240.084,187,589567.0625,111.333,236,1098077.086,128.75,181,319013.6675,55.917,89,134224.7246,32.666,92,184771.1699,23.25,239,593,2003332.932
2021,Talagante,Talagante, Metropolitana de Santiago,3989,11384935.49,13671,1912097.113,8030.663,5987,915851.842,3592.415,7659,997368.657,4438.248,5334,515181.407,2409.248,2398,235049.775,1119.416,2936,280131.632,1289.833,235,19005,2427278.52
2021,Talca,Talca,Maule,15526,45460937.78,60573,8940926.664,36541.403,22358,3895092.714,14989.412,38170,5056075.685,21551.991,27499,2324140.392,10472.824,12825,1023198.908,5074.579,14674,1300941.483,5398.245,107,88072,11265067.06
2021,Talcahuano,Concepcion,Biobio,6369,20853889.36,28857,5010601.056,17657.076,10291,2121985.566,6849.081,18741,2912590.119,10807.995,10636,1097979.894,3963.413,4459,383046.061,1992.915,6177,714933.833,1970.498,175,39493,6108580.95
2021,Taltal,Antofagasta,Antofagasta,736,13406005.78,2098,1950233.812,1457.916,832,732199.6925,642.5,1291,1222810.684,815.416,929,396098.5655,437.916,582,181407.7466,308,347,214673.0449,129.916,229,3027,2346332.378
2021,Temuco,Cautin,La Araucania,19197,63710517.99,88419,13121537.8,51772.479,34396,6015001.823,22473.41,53818,7127972.808,29298.903,32238,2510899.806,11643.989,14820,1175066.789,5569.495,17418,1335832.997,6074.495,13,120657,15632437.61
2021,Teno,Curico,Maule,2138,6688172.83,13229,874444.676,4812.579,4486,372124.568,1777.749,8734,501232.881,3034.83,2169,130180.301,666.499,1045,64501.86,413.667,1124,65678.44,252.833,332,15398,1004624.977
2021,Teodoro Schmidt,Cautin,La Araucania,726,18539688.32,831,2816531.202,449.5,313,1082651.147,160,516,1738430.123,289.5,372,609311.0146,212.25,188,265270.9075,120.917,184,344016.0781,91.334,14,1203,3425842.217
2021,Tierra Amarilla,Copiapo,Atacama,623,12923714.18,2954,1836465.183,1301.249,812,654828.3765,401.417,2139,1184702.826,899.833,1166,442249.8725,543.25,588,194406.3476,271.25,578,247825.7559,271.999,295,4120,2278715.056
2021,Timaukel,Tierra del Fuego,Magallanes y de la Antartica Chilena,24,18232283.45,171,2805777.499,97.584,13,1079069.078,7.917,158,1731258.489,89.667,94,605377.9846,18.917,14,263034.8905,4.167,80,342319.0651,14.75,236,265,3411155.484
2021,Tirua,Arauco,Biobio,376,18365564.84,586,2811613.603,358.584,180,1081792.201,123.917,406,1734371.47,234.667,171,607431.4746,92.166,77,264429.7795,38.75,94,342977.6661,53.417,173,757,3419045.078
2021,Titil,Chacabuco, Metropolitana de Santiago,1109,3834915.83,3395,426364.172,1893.498,1125,143005.481,617.583,2310,294521.211,1275.916,1464,127464.593,553.999,649,61420.632,308.917,815,66043.962,245.083,320,4859,553828.765
2021,Tocopilla,Tocopilla,Antofagasta,1155,13593297.46,3348,1813461.426,1847.582,1012,634433.2505,635.583,2322,1182991.24,1211.999,1155,380670.4765,622.917,679,169881.2206,407,476,210771.4819,215.917,224,4503,2194131.903
2021,Tolten,Cautin,La Araucania,446,18396378.62,455,2815496.288,267.083,182,1082066.638,107.083,270,1737979.719,159.999,391,620314.1936,234.667,268,275047.1905,184.501,123,345242.9741,50.166,130,846,3435810.482
2021,Tome,Concepcion,Biobio,2301,14947664.64,5742,2041210.783,3331.249,2081,733030.1665,1321.083,3653,1311155.4,2010.165,2484,524171.2805,1349.5,1073,234404.4066,630.583,1411,289749.1049,718.916,196,8226,2565382.064
2021,Torres del Paine,ultima Esperanza,Magallanes y de la Antartica Chilena,30,6587895.018,92,1150225.58,50.916,35,501495.6252,10.75,56,650305.2398,40.167,20,295080.2371,8.917,7,133404.0919,2.75,13,161669.8892,6.167,91,112,1445305.817
2021,Tortel,Capitan Prat, Aisen del Gral.Carlos Ibanez del Campo,105,18261974.64,34,2805966.265,8.666,9,1079128.369,3.5,25,1731387.964,5.166,20,605521.5046,7.166,5,263049.1135,0.833,15,342448.3621,6.333,151,54,3411487.77
2021,Traiguen,Malleco,La Araucania,1006,13210384.54,3771,2147960.922,2275.999,1549,834628.4425,1033.833,2220,1316270.064,1242,983,395718.7185,444.832,546,176174.2896,288.083,437,219526.6529,156.749,24,4754,2543679.641
2021,Trehuaco,Itata,nuble,210,18299598.98,389,2807611.542,241.334,76,1079106.577,50.667,313,1733055.033,190.667,145,606297.5766,59.084,58,263651.1545,29.083,87,342622.3931,30.001,262,534,3413909.119
2021,Tucapel,Biobio,Biobio,777,13008156.07,1227,1773600.454,737.166,351,621360.3355,223.5,876,1155214.901,513.667,617,344630.0445,338,341,151074.2006,190.501,276,193538.0709,147.5,88,1844,2118230.499
2021,Valdivia,Valdivia,Los Rios,10234,28079878.13,41238,7112999.332,25490.074,17677,3410304.956,11729.58,23509,3705431.335,13760.494,19822,1623863.07,6986.244,9230,764962.548,3459.413,10592,858900.533,3526.83,255,61060,8736862.402
2021,Vallenar,Huasco,Atacama,3056,7510997.2,6863,932949.193,4110.999,2567,410703.274,1746.999,4276,522245.913,2363.998,4071,338909.973,2111.666,2342,172817.186,1360.583,1729,166092.791,751.083,318,10934,1271859.166
2021,Valparaiso,Valparaiso,Valparaiso,13496,42975798.43,57591,10935649.9,37548.572,23066,4594952.986,15810.33,34370,6343721.924,21737.66,23284,1884512.085,9347.242,10218,794936.732,4481.913,13066,1089085.982,4864.329,199,80875,12820161.99
2021,Vichuquen,Curico,Maule,412,12658153.26,477,1705491.583,262.916,130,589744.2785,72.75,348,1119374.435,190.166,306,323469.3045,117.75,158,134859.7126,75.334,148,188591.8179,42.416,181,783,2028960.888
2021,Victoria,Malleco,La Araucania,1928,15084772.54,7296,2789257.411,4751.998,3386,1211164.276,2276.749,3918,1581012.398,2474.832,2810,618723.4205,1399.748,1340,297230.9596,755.999,1470,321474.6909,643.749,25,10106,3407980.832
2021,Vicuna,Elqui,Coquimbo,1480,14143669.68,7470,2222304.956,3611.665,3199,873581.3575,1663.25,4417,1355762.376,1948.332,1946,465137.6725,1004.666,752,198214.0106,361.417,1194,266905.8929,643.249,319,9416,2687442.629
2021,Vilcun,Cautin,La Araucania,1329,13744589.87,2564,1797041.596,1359.999,613,612929.3365,306.25,1951,1187408.763,1053.75,920,367759.1505,358.5,337,152587.2626,133.167,583,215154.1139,225.333,15,3484,2164800.747
2021,Villa Alegre,Linares,Maule,993,13206579.45,2268,1760218.759,989.582,595,598995.9655,230.583,1670,1164197.577,759,579,322847.3925,257.416,270,134499.1756,141.75,309,188330.4439,115.667,279,2847,2083066.152
2021,Villa Alemana,Marga Marga,Valparaiso,5091,10612466.54,15027,1888129.4,8849.496,6058,915639.207,3981.332,8962,975217.031,4868.164,6146,364457.733,2680.415,3171,179896.455,1516.416,2975,184561.283,1163.999,74,21173,2252587.133
2021,Villarrica,Cautin,La Araucania,4328,12405899.45,12140,1548846.843,7191.497,5172,731987.378,3171.665,7004,821522.286,4017.831,5051,405083.234,2025.498,2222,181540.402,1001.332,2829,223542.841,1024.165,284,17191,1953930.077
2021,Vina del Mar,Valparaiso,Valparaiso,22585,77321234.91,84837,10678882.09,47591.478,30854,3930113.039,18723.243,54230,6788197.944,28867.736,41174,3091217.911,14852.32,19436,1367339.067,7545.494,21738,1723878.854,7306.826,201,126011,13770100
2021,Vitacura,Santiago, Metropolitana de Santiago,13824,102229016,50775,13426585.49,30788.571,20601,4743504.518,12834.162,30051,8698037.798,17954.409,56461,4434160.793,14312.896,28495,2053525.697,7407.074,27966,2380059.577,6904.74,134,107236,17860746.28
2021,Yerbas Buenas,Linares,Maule,1122,13120603.18,2811,2026013.815,1563.833,1267,787118.9135,746.333,1541,1241869.685,817.5,781,371860.5685,395.75,431,156562.9736,256.917,350,215279.8209,138.833,280,3592,2397874.384
2021,Yumbel,Biobio,Biobio,859,12863407.13,1892,1821550.575,1217.583,728,649005.4695,484.249,1156,1175519.89,733.333,991,381218.1305,422.167,544,171236.9596,245.583,447,209963.3989,176.583,116,2883,2202768.706
2021,Yungay,Diguillin,nuble,897,13119240.64,3004,1848109.844,1402.416,1336,664593.5095,612.083,1669,1186943.23,790.25,874,349643.1995,527.166,256,151117.6196,116.833,618,198507.8069,410.333,120,3878,2197753.044
2021,Zapallar,Petorca,Valparaiso,1197,10024871.14,2648,543212.698,1806.666,999,240987.2,730.833,1644,302221.611,1075.833,1818,218332.168,594.832,807,94617.413,274.75,1011,123714.752,320.083,206,4466,761544.866